feature,importance
LST,0.3883755444126779
NDVI,0.36031674682921305
BURNED_AREA,0.251307708758109
